인기 검색어,클릭수,노출,CTR,게재 순위
액상덕후,271,420,64.52%,1.35
액상 가격,3,135,2.22%,5.54
얼려먹구싶오 무니코틴,2,89,2.25%,7.65
디톡스 알로에베라,2,88,2.27%,9.84
액상가격,2,38,5.26%,5.32
과일먹구싶오,2,11,18.18%,16.82
펠릭스 더블라임,1,78,1.28%,9.56
더블라임,1,30,3.33%,9
톡스 알로에베라,1,17,5.88%,9.29
크래프트 액상 가격,1,13,7.69%,3.92
디오리퀴드,1,10,10%,9.5
전담 액상 구매,1,1,100%,3
젤로 맥스 팟,1,1,100%,11
디톡스 액상,0,28,0%,7.64
마르키사 라즈베리,0,20,0%,9.85
얼려먹구싶오 무 니코틴,0,12,0%,7.58
제로닉,0,11,0%,8.73
포도 액상,0,10,0%,4.3
젤로맥스 0.6옴,0,9,0%,7.56
디톡스 알로에 베라,0,9,0%,10.11
포도액상,0,6,0%,5
크래프트 포도,0,6,0%,18.83
복숭아 얼려먹구싶오,0,5,0%,7.8
레몬라임 액상,0,5,0%,9.2
펠릭스 더블 라임,0,5,0%,9.2
액상몰,0,4,0%,9
얼려먹구싶오 복숭아,0,4,0%,9.25
입호흡 액상,0,4,0%,24
얼려먹구싶오 니코틴,0,3,0%,7.67
미슐랭 블루,0,3,0%,8
과일먹구싶오 무니코틴,0,3,0%,8.33
유웰 발라리안 에어,0,3,0%,9
9.8mg,0,3,0%,9.33
액상 전담 가격,0,3,0%,9.33
웰컴드링크,0,3,0%,9.33
발라리안 에어,0,3,0%,10.67
무니코틴 폐호흡 액상,0,3,0%,12.67
액상,0,3,0%,17.33
발라리안 공팟,0,2,0%,8.5
액상전담 가격,0,2,0%,8.5
0.6옴,0,2,0%,10
노보 데저트,0,2,0%,10
펠릭스더블라임,0,2,0%,10
폐호흡 액상 가격,0,2,0%,10.5
말론 공팟,0,2,0%,17
과일먹구싶오 액상,0,2,0%,19
깔끔무향 액상,0,2,0%,34
오프라인은?,0,1,0%,1
가격,0,1,0%,3
얼마,0,1,0%,3
지금도 살수있어?,0,1,0%,3
판매처,0,1,0%,3
무무액상,0,1,0%,5
액상 구매,0,1,0%,5
라즈베리 액상,0,1,0%,8
무 니코틴 액상 쇼핑몰,0,1,0%,10
미슐랭 블루 액상,0,1,0%,10
액상전담몰,0,1,0%,10
크래프트 액상 구매,0,1,0%,10
0.98$,0,1,0%,11
detox 액상,0,1,0%,12
식후땡 액상,0,1,0%,13
입호흡 액상 가격,0,1,0%,14
복숭아 액상,0,1,0%,15
알로에 액상,0,1,0%,15
더블라임 액상,0,1,0%,16
알로에베라 액상,0,1,0%,16
발라리안 에어 팟,0,1,0%,17
액상담배,0,1,0%,18
폐호흡 액상 니코틴,0,1,0%,20
액상 판매,0,1,0%,24
무무크래프트,0,1,0%,25
식후땡닷컴,0,1,0%,30
크래프트 포도 액상 구매,0,1,0%,30
갱쥬스 알로에베라,0,1,0%,40
크래프트 액상,0,1,0%,41
입호흡액상,0,1,0%,45
젤로 맥스 팟 가격,0,1,0%,48
얼려먹구싶오,0,1,0%,54
청포도 액상,0,1,0%,54
젤로맥스 팟 가격,0,1,0%,55
크래프트 무니코틴,0,1,0%,80