인기 페이지,클릭수,노출,CTR,게재 순위
https://duck-hoo.com/,432,1409,30.66%,4.96
https://duck-hoo.com/product-category/novo-liquid/,35,282,12.41%,5.44
https://duck-hoo.com/brand/novo/,11,102,10.78%,6.41
https://duck-hoo.com/product-category/타격감/,8,117,6.84%,6.15
https://duck-hoo.com/product/노보-블랙-타박멘솔-9-8mg-30ml/,7,24,29.17%,17.71
https://duck-hoo.com/brand/duckhoo/,6,246,2.44%,4.13
https://duck-hoo.com/product/마르키사-오리지날-9-8mg-30ml/,6,107,5.61%,7.77
https://duck-hoo.com/product/리퀴드랩-ㅇㅋㄹㅌ-9-8mg-30ml-2/,6,84,7.14%,3.01
https://duck-hoo.com/product-category/7월-특가-할인/,5,390,1.28%,1.79
https://duck-hoo.com/product/디톡스-톡스-알로에베라-모드-액상-3mg-60ml/,5,103,4.85%,9.61
https://duck-hoo.com/brand/felix/,5,52,9.62%,6.9
https://duck-hoo.com/product/리퀴드랩-오-피치멜론-9-8mg-30ml/,5,20,25%,4.95
https://duck-hoo.com/product-category/폐호흡-액상/,4,249,1.61%,5.69
https://duck-hoo.com/product/펠릭스-모드-더블라임-3mg-60ml/,4,77,5.19%,8.97
https://duck-hoo.com/product/액상덕후-바나나-흑염룡-시리즈-0-98mg-30ml/,4,67,5.97%,7.91
https://duck-hoo.com/product/빌런-아이스빌런자두-9-8mg-30ml/,4,26,15.38%,5.73
https://duck-hoo.com/product/노보-블랙-코코넛커피-9-8mg-30ml/,4,25,16%,4.32
https://duck-hoo.com/product-category/입호흡-액상/,3,288,1.04%,4.17
https://duck-hoo.com/product/젤로맥스-젤로-맥스-0-6옴-팟/,3,68,4.41%,9.07
https://duck-hoo.com/brand/the-o-liquid/,3,59,5.08%,7.02
https://duck-hoo.com/product/노보-블랙-엠에스블랜드-9-8mg-30ml/,3,33,9.09%,8.85
https://duck-hoo.com/product/액상덕후-머스케또-흑염룡-시리즈-0-98mg-30ml복사/,3,28,10.71%,3.71
https://duck-hoo.com/product/32-할인-이벤트-화이트아웃-특별-기획전/,3,10,30%,11.5
https://duck-hoo.com/product-category/무니코틴/,2,70,2.86%,4.56
https://duck-hoo.com/product/디오리퀴드-샤인머스켓-9-8mg-30ml/,2,32,6.25%,6.53
https://duck-hoo.com/product/펠릭스-더블라임-9-8mg-30ml/,2,31,6.45%,4.65
https://duck-hoo.com/product/액상덕후-소다-흑염룡-시리즈-0-98mg-30ml/,2,30,6.67%,5.23
https://duck-hoo.com/product/빌런-아이스빌런레몬-9-8mg-30ml/,2,30,6.67%,5.27
https://duck-hoo.com/product/빌런-아이스빌런바나나라무네-9-8mg-30ml/,2,20,10%,7.25
https://duck-hoo.com/product/10병-묶음-할인-이벤트-화이트아웃-액상-10병-할인/,2,15,13.33%,7.13
https://duck-hoo.com/product/개꿀포도30ml입호흡/,2,11,18.18%,10.36
https://duck-hoo.com/product/크래프트-★-특별-직원가-공개-★-크래프트-5병-event/,2,9,22.22%,6.22
https://duck-hoo.com/login/,1,309,0.32%,3.48
https://duck-hoo.com/product-category/기기-팟-코일/,1,198,0.51%,2.87
https://duck-hoo.com/about/,1,121,0.83%,5.21
https://duck-hoo.com/product/조바-입호흡-전자담배/,1,64,1.56%,7.69
https://duck-hoo.com/product/디오리퀴드-레몬라임-9-8mg-30ml/,1,31,3.23%,7.16
https://duck-hoo.com/product-category/액상-랭킹/,1,29,3.45%,5.41
https://duck-hoo.com/product/유웰-발라리안-공팟/,1,22,4.55%,6.64
https://duck-hoo.com/product/얼려먹구싶오-얼려먹구싶오-모드-복숭아-무니코틴/,1,22,4.55%,16.05
https://duck-hoo.com/product/젤로-크리스탈-젤로-크리스탈-전자담배-액상-5병-증/,1,18,5.56%,5.61
https://duck-hoo.com/product/디오리퀴드-55-묶음-이벤트/,1,16,6.25%,7.06
https://duck-hoo.com/product/리퀴드랩-뉴스프라이트-폐호흡-액상-3mg-60ml/,1,15,6.67%,6.2
https://duck-hoo.com/product/디오리퀴드-샤인머스캣-9-8mg-30ml/,1,12,8.33%,4.58
https://duck-hoo.com/product/미슐랭-미슐랭-블루-모드액상-nico-0-3-60ml/,1,5,20%,14.8
https://duck-hoo.com/product/톡스-알로에베라-9-8mg-30ml/,1,2,50%,5.5
https://duck-hoo.com/register/,0,89,0%,1.91
https://duck-hoo.com/point/,0,47,0%,2.51
https://duck-hoo.com/product/액상덕후-파이낫푸루쨩-멘솔쨩시리즈-0-98mg-30ml/,0,35,0%,7.69
https://duck-hoo.com/product/얼려먹구싶오-얼려먹구싶오-소다-무니코틴-액상/,0,35,0%,11.17
https://duck-hoo.com/product/펠릭스-더블-라임라임-알로에-5병-묶음-이벤트/,0,29,0%,7.62
https://duck-hoo.com/product/과일먹구싶오-과일먹구싶오-사과-무니코틴-액상/,0,27,0%,7.93
https://duck-hoo.com/mypage/,0,24,0%,3.79
https://duck-hoo.com/event/,0,20,0%,5.55
https://duck-hoo.com/product-category/uncategorized/,0,18,0%,5.94
https://duck-hoo.com/product/얼려먹구싶오-얼려먹구싶오-모드-레드불-무니코틴/,0,18,0%,18.33
https://duck-hoo.com/product/마샤-블랙사파이어-9-8mg-30ml/,0,17,0%,7.65
https://duck-hoo.com/product/갱쥬스-갱쥬스-알로에베라-9-8mg-30ml/,0,17,0%,9.24
https://duck-hoo.com/product/과일먹구싶오-과일먹구싶오-시리즈-무니코틴-액상/,0,17,0%,9.29
https://duck-hoo.com/product/액상덕후-머스케또-흑염룡-시리즈-0-98mg-30ml/,0,16,0%,3.25
https://duck-hoo.com/product/조바-전자담배-0-7옴-팟-2ea/,0,13,0%,5.54
https://duck-hoo.com/shipping/,0,13,0%,6.15
https://duck-hoo.com/product/아이-차가워-쿨링첨가제-30ml/,0,11,0%,6.64
https://duck-hoo.com/product/제로닉-무무-제로닉-무무-거봉-무니코틴-액상복사/,0,10,0%,9.2
https://duck-hoo.com/product/유웰-발라리안-에어-0-6옴팟2ea/,0,9,0%,11.11
https://duck-hoo.com/news/,0,8,0%,4.5
https://duck-hoo.com/product/초특가-노보-10병-병당-8000원-금액-80000원/,0,8,0%,5.25
https://duck-hoo.com/product/빌런-아이스빌런석류9-8mg-30ml/,0,8,0%,8.75
https://duck-hoo.com/product/액상덕후-파이낫푸루-흑염룡-시리즈-0-98mg-30ml/,0,7,0%,4
https://duck-hoo.com/product/화이트아웃-파인애플-9-8mg-30ml/,0,7,0%,4.57
https://duck-hoo.com/product/액상덕후-레몬쨩-멘솔쨩시리즈-0-98mg-30ml/,0,7,0%,6.14
https://duck-hoo.com/product/디오리퀴드-31-묶음-이벤트/,0,7,0%,6.43
https://duck-hoo.com/faq/,0,6,0%,5.17
https://duck-hoo.com/product/디오리퀴드-멜론-9-8mg-30ml-3/,0,6,0%,9.83
https://duck-hoo.com/join-form/,0,4,0%,5.5
https://duck-hoo.com/?kboard_content_redirect=32,0,4,0%,9.5
https://duck-hoo.com/product/제로닉-무무-제로닉-무무-콜라-무니코틴-액상/,0,4,0%,13.25
https://duck-hoo.com/event/?mod=list,0,3,0%,2
https://duck-hoo.com/product/디오리퀴드-퓨어-블루워터-9-8mg-30ml/,0,3,0%,3.33
https://duck-hoo.com/product/빌런-아이스빌런레즈애플-9-8mg-30ml/,0,3,0%,6.67
https://duck-hoo.com/product/제로닉-무무-제로닉-무무-시가-무니코틴-액상-2/,0,3,0%,22
https://duck-hoo.com/product/얼려먹구싶오-얼려먹구싶오-수박-무니코틴-액상/,0,3,0%,23.67
https://duck-hoo.com/product/액상덕후-아오리-흑염룡-시리즈-0-98mg-30ml/,0,2,0%,6.5
https://duck-hoo.com/product/10병-묶음-할인-이벤트-블랭크-액상-10병-할인/,0,2,0%,7.5
https://duck-hoo.com/product/디오리퀴드-뜨레-9-8mg-30ml-3/,0,1,0%,2
https://duck-hoo.com/product/액상덕후-소다-흑염룡-시즬즈-0-98mg-30ml/,0,1,0%,3
https://duck-hoo.com/product/액상덕후-쟈쿠로쨩-멘솔쨩시리즈-0-98mg-30ml/,0,1,0%,5
https://duck-hoo.com/product/제로닉-무무-제로닉-무무-자몽-무니코틴-액상/,0,1,0%,6
https://duck-hoo.com/product/제로닉-무무-제로닉-무무-민트-무니코틴-액상/,0,1,0%,9