날짜,클릭수,노출,CTR,게재 순위
2026-08-29,7,61,11.48%,5.8
2026-08-30,12,87,13.79%,6
2026-08-31,29,95,30.53%,5.5
2026-09-01,39,122,31.97%,4.9
2026-09-02,16,74,21.62%,6.1
2026-09-03,21,83,25.3%,8.6
2026-09-04,28,100,28%,5.5
2026-09-05,16,84,19.05%,6.8
2026-09-06,34,115,29.57%,5.3
2026-09-07,21,102,20.59%,6.9
2026-09-08,26,123,21.14%,6.3
2026-09-09,19,98,19.39%,7.5
2026-09-10,17,91,18.68%,8.9
2026-09-11,26,117,22.22%,4.9
2026-09-12,15,83,18.07%,7.4
2026-09-13,23,106,21.7%,6.3
2026-09-14,21,121,17.36%,5.4
2026-09-15,33,124,26.61%,4.5
2026-09-16,27,141,19.15%,6.1
2026-09-17,15,128,11.72%,6.7
2026-09-18,20,109,18.35%,5.1
2026-09-19,16,118,13.56%,7
2026-09-20,30,152,19.74%,6.8
2026-09-21,21,148,14.19%,6.6
2026-09-22,19,124,15.32%,6.3
2026-09-23,15,99,15.15%,6.9
2026-09-24,9,79,11.39%,7.4
2026-09-25,10,81,12.35%,6.9